../models-master/software-abstractions-book/appendixA/addressBook1.als; ../models-master/software-abstractions-book/appendixA/addressBook2.als; 1244; 12; 12632; 291; 12531; 248; true;12513; 67; true
../models-master/software-abstractions-book/appendixA/addressBook2.als; ../models-master/software-abstractions-book/appendixA/barbers.als; 12632; 319; 540; 8; 13565; 42; false;13568; 293; true
../models-master/software-abstractions-book/appendixA/barbers.als; ../models-master/software-abstractions-book/appendixA/closure.als; 540; 6; 0; 7; 773; 13; true;772; 15; false
../models-master/software-abstractions-book/appendixA/distribution.als; ../models-master/software-abstractions-book/appendixA/phones.als; 0; 6; 1260; 18; 1302; 25; true;1302; 15; false
../models-master/software-abstractions-book/appendixA/phones.als; ../models-master/software-abstractions-book/appendixA/prison.als; 1260; 17; 1430; 15; 2897; 23; true;2895; 25; true
../models-master/software-abstractions-book/appendixA/prison.als; ../models-master/software-abstractions-book/appendixA/properties.als; 1430; 12; 0; 7; 1595; 16; false;1597; 23; true
../models-master/software-abstractions-book/appendixA/properties.als; ../models-master/software-abstractions-book/appendixA/ring.als; 0; 6; 586; 11; 628; 16; true;628; 13; false
../models-master/software-abstractions-book/appendixA/ring.als; ../models-master/software-abstractions-book/appendixA/spanning.als; 586; 7; 0; 7; 628; 11; false;628; 15; true
../models-master/software-abstractions-book/appendixA/tube.als; ../models-master/software-abstractions-book/appendixA/undirected.als; 0; 9; 586; 9; 1645; 24; true;1643; 19; false
../models-master/software-abstractions-book/chapter2/addressBook1a.als; ../models-master/software-abstractions-book/chapter2/addressBook1b.als; 8924; 162; 8924; 158; 0; 15; false;0; 18; false
../models-master/software-abstractions-book/chapter2/addressBook1b.als; ../models-master/software-abstractions-book/chapter2/addressBook1c.als; 8924; 156; 8924; 164; 0; 16; false;0; 14; false
../models-master/software-abstractions-book/chapter2/addressBook1c.als; ../models-master/software-abstractions-book/chapter2/addressBook1d.als; 8924; 159; 8924; 155; 0; 15; false;0; 15; false
../models-master/software-abstractions-book/chapter2/addressBook1d.als; ../models-master/software-abstractions-book/chapter2/addressBook1e.als; 8924; 155; 8924; 152; 0; 17; false;0; 14; false
../models-master/software-abstractions-book/chapter2/addressBook1e.als; ../models-master/software-abstractions-book/chapter2/addressBook1f.als; 8924; 173; 8924; 161; 0; 16; false;0; 15; false
../models-master/software-abstractions-book/chapter2/addressBook1f.als; ../models-master/software-abstractions-book/chapter2/addressBook1g.als; 8924; 161; 8924; 158; 0; 17; false;0; 16; false
../models-master/software-abstractions-book/chapter2/addressBook1g.als; ../models-master/software-abstractions-book/chapter2/addressBook1h.als; 8924; 163; 8924; 167; 0; 19; false;0; 18; false
../models-master/software-abstractions-book/chapter2/addressBook1h.als; ../models-master/software-abstractions-book/chapter2/addressBook2a.als; 8924; 153; 6273; 83; 82339; 4330; true;82346; 558; true
../models-master/software-abstractions-book/chapter2/addressBook2a.als; ../models-master/software-abstractions-book/chapter2/addressBook2b.als; 6273; 79; 20658; 126; 254870; 441; false;254871; 4342; true
../models-master/software-abstractions-book/chapter2/addressBook2b.als; ../models-master/software-abstractions-book/chapter2/addressBook2c.als; 20658; 123; 20658; 125; 254871; 689; false;254871; 597; false
../models-master/software-abstractions-book/chapter2/addressBook2c.als; ../models-master/software-abstractions-book/chapter2/addressBook2d.als; 20658; 127; 21634; 130; 257968; 675; false;257968; 6000; true
../models-master/software-abstractions-book/chapter2/addressBook2d.als; ../models-master/software-abstractions-book/chapter2/addressBook2e.als; 21634; 132; 24076; 221; 278030; 7055; true;278030; 6099; true
../models-master/software-abstractions-book/chapter4/filesystem.als; ../models-master/software-abstractions-book/chapter4/grandpa1.als; 2365; 20; 3989; 42; 29077; 182; true;29077; 118; true
../models-master/software-abstractions-book/chapter4/grandpa1.als; ../models-master/software-abstractions-book/chapter4/grandpa2.als; 3989; 38; 3989; 40; 21108; 69; false;21108; 64; false
../models-master/software-abstractions-book/chapter4/grandpa2.als; ../models-master/software-abstractions-book/chapter4/grandpa3.als; 3989; 38; 4118; 43; 21237; 79; false;21238; 741; true
../models-master/software-abstractions-book/chapter4/grandpa3.als; ../models-master/software-abstractions-book/chapter4/lights.als; 4118; 43; 2902; 34; 24891; 109; true;24887; 185; true
../iAlloy-dataset-master/mutant_version_set/addr/v1/addr.als; ../iAlloy-dataset-master/mutant_version_set/addr/v2/addr.als; 22821; 322; 22821; 1205; 46363; 241; false;46363; 1296; true
../iAlloy-dataset-master/mutant_version_set/addr/v2/addr.als; ../iAlloy-dataset-master/mutant_version_set/addr/v3/addr.als; 22821; 1159; 22821; 1137; 45331; 1803; true;45331; 1572; true
../iAlloy-dataset-master/mutant_version_set/addr/v3/addr.als; ../iAlloy-dataset-master/mutant_version_set/addr/v4/addr.als; 22821; 1152; 23584; 15127; 45336; 137; false;45337; 1671; true
../iAlloy-dataset-master/mutant_version_set/addr/v4/addr.als; ../iAlloy-dataset-master/mutant_version_set/addr/v5/addr.als; 23584; 14985; 787; 14; 45338; 140; false;45338; 150; true
../iAlloy-dataset-master/mutant_version_set/addressBook/v1/addressBook.als; ../iAlloy-dataset-master/mutant_version_set/addressBook/v2/addressBook.als; 20605; 128; 20605; 425; 42704; 1093; true;42704; 383; true
../iAlloy-dataset-master/mutant_version_set/addressBook/v2/addressBook.als; ../iAlloy-dataset-master/mutant_version_set/addressBook/v3/addressBook.als; 20605; 427; 20619; 384; 42646; 698; true;42646; 1201; true
../iAlloy-dataset-master/mutant_version_set/addressBook/v3/addressBook.als; ../iAlloy-dataset-master/mutant_version_set/addressBook/v4/addressBook.als; 20619; 380; 21383; 14299; 42652; 92; false;42653; 800; true
../iAlloy-dataset-master/mutant_version_set/addressBook/v4/addressBook.als; ../iAlloy-dataset-master/mutant_version_set/addressBook/v5/addressBook.als; 21383; 14629; 21383; 14497; 23249; 494; true;23249; 458; true
../iAlloy-dataset-master/mutant_version_set/arr/v1/arr.als; ../iAlloy-dataset-master/mutant_version_set/arr/v2/arr.als; 1164; 11; 1164; 12; 9885; 69; false;9885; 69; false
../iAlloy-dataset-master/mutant_version_set/arr/v2/arr.als; ../iAlloy-dataset-master/mutant_version_set/arr/v3/arr.als; 1164; 10; 1281; 13; 12231; 106; true;9950; 99; true
../iAlloy-dataset-master/mutant_version_set/arr/v3/arr.als; ../iAlloy-dataset-master/mutant_version_set/arr/v4/arr.als; 1281; 10; 1280; 14; 12227; 55; false;12166; 84; true
../iAlloy-dataset-master/mutant_version_set/arr/v4/arr.als; ../iAlloy-dataset-master/mutant_version_set/arr/v5/arr.als; 1280; 11; 1249; 14; 12164; 81; true;12163; 45; false
../iAlloy-dataset-master/mutant_version_set/balancedBST/v1/balancedBST.als; ../iAlloy-dataset-master/mutant_version_set/balancedBST/v2/balancedBST.als; 4067; 124; 4083; 138; 9584; 321; true;9584; 44; false
../iAlloy-dataset-master/mutant_version_set/balancedBST/v2/balancedBST.als; ../iAlloy-dataset-master/mutant_version_set/balancedBST/v3/balancedBST.als; 4083; 139; 4083; 142; 9559; 41; false;9559; 39; false
../iAlloy-dataset-master/mutant_version_set/balancedBST/v3/balancedBST.als; ../iAlloy-dataset-master/mutant_version_set/balancedBST/v4/balancedBST.als; 4083; 136; 4083; 140; 9559; 43; false;9559; 40; false
../iAlloy-dataset-master/mutant_version_set/balancedBST/v4/balancedBST.als; ../iAlloy-dataset-master/mutant_version_set/balancedBST/v5/balancedBST.als; 4083; 135; 5935; 149; 11556; 200; false;11556; 411; true
../iAlloy-dataset-master/mutant_version_set/bempl/v1/bempl.als; ../iAlloy-dataset-master/mutant_version_set/bempl/v2/bempl.als; 2242; 24; 2256; 28; 2963; 43; true;2963; 38; true
../iAlloy-dataset-master/mutant_version_set/bempl/v2/bempl.als; ../iAlloy-dataset-master/mutant_version_set/bempl/v3/bempl.als; 2256; 25; 2242; 30; 2963; 57; true;2963; 19; false
../iAlloy-dataset-master/mutant_version_set/bempl/v3/bempl.als; ../iAlloy-dataset-master/mutant_version_set/bempl/v4/bempl.als; 2242; 23; 2362; 27; 3209; 17; false;3209; 45; true
../iAlloy-dataset-master/mutant_version_set/bempl/v4/bempl.als; ../iAlloy-dataset-master/mutant_version_set/bempl/v5/bempl.als; 2362; 23; 2362; 26; 3189; 17; false;3189; 19; false
../iAlloy-dataset-master/mutant_version_set/binaryTree/v1/binaryTree.als; ../iAlloy-dataset-master/mutant_version_set/binaryTree/v2/binaryTree.als; 1381; 20; 1381; 18; 1448; 17; false;1448; 21; true
../iAlloy-dataset-master/mutant_version_set/binaryTree/v2/binaryTree.als; ../iAlloy-dataset-master/mutant_version_set/binaryTree/v3/binaryTree.als; 1381; 20; 1381; 23; 1423; 15; false;1423; 14; false
../iAlloy-dataset-master/mutant_version_set/binaryTree/v3/binaryTree.als; ../iAlloy-dataset-master/mutant_version_set/binaryTree/v4/binaryTree.als; 1381; 17; 1381; 17; 1423; 15; false;1423; 16; false
../iAlloy-dataset-master/mutant_version_set/binaryTree/v4/binaryTree.als; ../iAlloy-dataset-master/mutant_version_set/binaryTree/v5/binaryTree.als; 1381; 17; 1381; 18; 1448; 23; true;1448; 16; false
../iAlloy-dataset-master/mutant_version_set/cd/v1/cd.als; ../iAlloy-dataset-master/mutant_version_set/cd/v2/cd.als; 636; 11; 636; 15; 0; 12; false;0; 14; false
../iAlloy-dataset-master/mutant_version_set/cd/v2/cd.als; ../iAlloy-dataset-master/mutant_version_set/cd/v3/cd.als; 636; 10; 765; 13; 2727; 26; true;2727; 18; false
../iAlloy-dataset-master/mutant_version_set/cd/v3/cd.als; ../iAlloy-dataset-master/mutant_version_set/cd/v4/cd.als; 765; 10; 765; 14; 0; 14; false;0; 13; false
../iAlloy-dataset-master/mutant_version_set/cd/v4/cd.als; ../iAlloy-dataset-master/mutant_version_set/cd/v5/cd.als; 765; 9; 765; 12; 0; 13; false;0; 13; false
../iAlloy-dataset-master/mutant_version_set/ceilingsAndFloors/v1/ceilingsAndFloors.als; ../iAlloy-dataset-master/mutant_version_set/ceilingsAndFloors/v2/ceilingsAndFloors.als; 2818; 29; 1521; 19; 2912; 44; true;0; 17; false
../iAlloy-dataset-master/mutant_version_set/ceilingsAndFloors/v2/ceilingsAndFloors.als; ../iAlloy-dataset-master/mutant_version_set/ceilingsAndFloors/v3/ceilingsAndFloors.als; 1521; 19; 1521; 19; 0; 14; false;0; 14; false
../iAlloy-dataset-master/mutant_version_set/ceilingsAndFloors/v3/ceilingsAndFloors.als; ../iAlloy-dataset-master/mutant_version_set/ceilingsAndFloors/v4/ceilingsAndFloors.als; 1521; 20; 1521; 21; 0; 14; false;0; 14; false
../iAlloy-dataset-master/mutant_version_set/ceilingsAndFloors/v4/ceilingsAndFloors.als; ../iAlloy-dataset-master/mutant_version_set/ceilingsAndFloors/v5/ceilingsAndFloors.als; 1521; 20; 1521; 20; 0; 15; false;0; 14; false
../iAlloy-dataset-master/mutant_version_set/dll/v1/dll.als; ../iAlloy-dataset-master/mutant_version_set/dll/v2/dll.als; 3795; 118; 3795; 116; 9271; 38; false;9271; 37; false
../iAlloy-dataset-master/mutant_version_set/dll/v2/dll.als; ../iAlloy-dataset-master/mutant_version_set/dll/v3/dll.als; 3795; 112; 3795; 118; 9271; 36; false;9271; 40; false
../iAlloy-dataset-master/mutant_version_set/dll/v3/dll.als; ../iAlloy-dataset-master/mutant_version_set/dll/v4/dll.als; 3795; 114; 3795; 120; 9271; 38; false;9271; 37; false
../iAlloy-dataset-master/mutant_version_set/dll/v4/dll.als; ../iAlloy-dataset-master/mutant_version_set/dll/v5/dll.als; 3795; 113; 3779; 103; 9272; 347; true;9272; 39; false
../iAlloy-dataset-master/mutant_version_set/filesystem/v1/filesystem.als; ../iAlloy-dataset-master/mutant_version_set/filesystem/v2/filesystem.als; 2365; 19; 2485; 33; 8279; 37; false;8279; 112; true
../iAlloy-dataset-master/mutant_version_set/filesystem/v2/filesystem.als; ../iAlloy-dataset-master/mutant_version_set/filesystem/v3/filesystem.als; 2485; 34; 1935; 24; 8283; 35; false;8284; 187; true
../iAlloy-dataset-master/mutant_version_set/filesystem/v3/filesystem.als; ../iAlloy-dataset-master/mutant_version_set/filesystem/v4/filesystem.als; 1935; 23; 2865; 11976; 8285; 115; true;8285; 33; false
../iAlloy-dataset-master/mutant_version_set/filesystem/v4/filesystem.als; ../iAlloy-dataset-master/mutant_version_set/filesystem/v5/filesystem.als; 2865; 12025; 2865; 11953; 4715; 37; true;4715; 84; true
../iAlloy-dataset-master/mutant_version_set/fullTree/v1/fullTree.als; ../iAlloy-dataset-master/mutant_version_set/fullTree/v2/fullTree.als; 1381; 20; 1389; 17; 1560; 25; true;1560; 23; true
../iAlloy-dataset-master/mutant_version_set/fullTree/v2/fullTree.als; ../iAlloy-dataset-master/mutant_version_set/fullTree/v3/fullTree.als; 1389; 16; 1277; 16; 1448; 18; false;1448; 25; true
../iAlloy-dataset-master/mutant_version_set/fullTree/v3/fullTree.als; ../iAlloy-dataset-master/mutant_version_set/fullTree/v4/fullTree.als; 1277; 12; 1277; 15; 1319; 14; false;1319; 17; false
../iAlloy-dataset-master/mutant_version_set/fullTree/v4/fullTree.als; ../iAlloy-dataset-master/mutant_version_set/fullTree/v5/fullTree.als; 1277; 13; 1277; 16; 1319; 14; false;1319; 20; false
../iAlloy-dataset-master/mutant_version_set/grade/v1/grade.als; ../iAlloy-dataset-master/mutant_version_set/grade/v2/grade.als; 2823; 30; 1946; 23; 3033; 19; false;3034; 41; true
../iAlloy-dataset-master/mutant_version_set/grade/v2/grade.als; ../iAlloy-dataset-master/mutant_version_set/grade/v3/grade.als; 1946; 17; 1946; 20; 2310; 19; false;2310; 16; false
../iAlloy-dataset-master/mutant_version_set/grade/v3/grade.als; ../iAlloy-dataset-master/mutant_version_set/grade/v4/grade.als; 1946; 18; 2824; 34; 3034; 36; true;3034; 20; false
../iAlloy-dataset-master/mutant_version_set/grade/v4/grade.als; ../iAlloy-dataset-master/mutant_version_set/grade/v5/grade.als; 2824; 26; 2825; 27; 3020; 22; false;3021; 31; true
../iAlloy-dataset-master/mutant_version_set/grandpa1/v1/grandpa1.als; ../iAlloy-dataset-master/mutant_version_set/grandpa1/v2/grandpa1.als; 3989; 40; 3877; 37; 21135; 551; true;21135; 819; true
../iAlloy-dataset-master/mutant_version_set/grandpa1/v2/grandpa1.als; ../iAlloy-dataset-master/mutant_version_set/grandpa1/v3/grandpa1.als; 3877; 37; 3878; 33; 20996; 70; false;20996; 63; false
../iAlloy-dataset-master/mutant_version_set/grandpa1/v3/grandpa1.als; ../iAlloy-dataset-master/mutant_version_set/grandpa1/v4/grandpa1.als; 3878; 33; 3878; 25; 21049; 69; false;21049; 826; true
../iAlloy-dataset-master/mutant_version_set/grandpa1/v4/grandpa1.als; ../iAlloy-dataset-master/mutant_version_set/grandpa1/v5/grandpa1.als; 3878; 23; 3877; 40; 20996; 64; false;20996; 63; false
../iAlloy-dataset-master/mutant_version_set/grandpa2/v1/grandpa2.als; ../iAlloy-dataset-master/mutant_version_set/grandpa2/v2/grandpa2.als; 3989; 41; 1997; 29; 21108; 717; true;0; 24; false
../iAlloy-dataset-master/mutant_version_set/grandpa2/v2/grandpa2.als; ../iAlloy-dataset-master/mutant_version_set/grandpa2/v3/grandpa2.als; 1997; 26; 1997; 28; 0; 15; false;0; 15; false
../iAlloy-dataset-master/mutant_version_set/grandpa2/v3/grandpa2.als; ../iAlloy-dataset-master/mutant_version_set/grandpa2/v4/grandpa2.als; 1997; 29; 1997; 27; 0; 14; false;0; 14; false
../iAlloy-dataset-master/mutant_version_set/grandpa2/v4/grandpa2.als; ../iAlloy-dataset-master/mutant_version_set/grandpa2/v5/grandpa2.als; 1997; 29; 1997; 28; 0; 13; false;0; 15; false
../iAlloy-dataset-master/mutant_version_set/grandpa3/v1/grandpa3.als; ../iAlloy-dataset-master/mutant_version_set/grandpa3/v2/grandpa3.als; 4118; 48; 4118; 44; 21238; 86; false;21238; 84; false
../iAlloy-dataset-master/mutant_version_set/grandpa3/v2/grandpa3.als; ../iAlloy-dataset-master/mutant_version_set/grandpa3/v3/grandpa3.als; 4118; 41; 4882; 13785; 21253; 85; false;21255; 934; true
../iAlloy-dataset-master/mutant_version_set/grandpa3/v3/grandpa3.als; ../iAlloy-dataset-master/mutant_version_set/grandpa3/v4/grandpa3.als; 4882; 13628; 4882; 13596; 4406; 32; false;4406; 29; false
../iAlloy-dataset-master/mutant_version_set/grandpa3/v4/grandpa3.als; ../iAlloy-dataset-master/mutant_version_set/grandpa3/v5/grandpa3.als; 4882; 13745; 4882; 13637; 4406; 32; false;4406; 29; false
../iAlloy-dataset-master/mutant_version_set/handshake/v1/handshake.als; ../iAlloy-dataset-master/mutant_version_set/handshake/v2/handshake.als; 2548; 90; 4362; 17; 8797; 40; false;8797; 672; true
../iAlloy-dataset-master/mutant_version_set/handshake/v2/handshake.als; ../iAlloy-dataset-master/mutant_version_set/handshake/v3/handshake.als; 4362; 17; 4363; 204; 8759; 756; true;8758; 43; false
../iAlloy-dataset-master/mutant_version_set/handshake/v3/handshake.als; ../iAlloy-dataset-master/mutant_version_set/handshake/v4/handshake.als; 4363; 199; 4475; 200; 8957; 818; true;8957; 46; false
../iAlloy-dataset-master/mutant_version_set/handshake/v4/handshake.als; ../iAlloy-dataset-master/mutant_version_set/handshake/v5/handshake.als; 4475; 197; 4369; 188; 8938; 792; true;8937; 42; false
../iAlloy-dataset-master/mutant_version_set/lists/v1/lists.als; ../iAlloy-dataset-master/mutant_version_set/lists/v2/lists.als; 8903; 329; 8791; 298; 18439; 2116; true;18439; 122; false
../iAlloy-dataset-master/mutant_version_set/lists/v2/lists.als; ../iAlloy-dataset-master/mutant_version_set/lists/v3/lists.als; 8791; 297; 8783; 275; 18998; 2185; true;18998; 2395; true
../iAlloy-dataset-master/mutant_version_set/lists/v3/lists.als; ../iAlloy-dataset-master/mutant_version_set/lists/v4/lists.als; 8783; 273; 9415; 278; 20406; 1990; true;20406; 2013; true
../iAlloy-dataset-master/mutant_version_set/lists/v4/lists.als; ../iAlloy-dataset-master/mutant_version_set/lists/v5/lists.als; 9415; 276; 9543; 269; 19494; 1946; true;19494; 899; true
../iAlloy-dataset-master/mutant_version_set/sll/v1/sll.als; ../iAlloy-dataset-master/mutant_version_set/sll/v2/sll.als; 1465; 16; 1465; 15; 0; 12; false;0; 10; false
../iAlloy-dataset-master/mutant_version_set/sll/v2/sll.als; ../iAlloy-dataset-master/mutant_version_set/sll/v3/sll.als; 1465; 13; 1465; 17; 1584; 15; false;1584; 24; true
../iAlloy-dataset-master/mutant_version_set/sll/v3/sll.als; ../iAlloy-dataset-master/mutant_version_set/sll/v4/sll.als; 1465; 14; 1345; 15; 1568; 22; true;1568; 15; false
../iAlloy-dataset-master/mutant_version_set/sll/v4/sll.als; ../iAlloy-dataset-master/mutant_version_set/sll/v5/sll.als; 1345; 12; 1346; 15; 0; 14; false;1440; 19; true
../iAlloy-dataset-master/mutant_version_set/student/v1/student.als; ../iAlloy-dataset-master/mutant_version_set/student/v2/student.als; 3899; 99; 3899; 97; 9835; 43; false;9835; 45; false
../iAlloy-dataset-master/mutant_version_set/student/v2/student.als; ../iAlloy-dataset-master/mutant_version_set/student/v3/student.als; 3899; 102; 3651; 76; 9844; 88; true;9844; 191; true
../iAlloy-dataset-master/mutant_version_set/student/v3/student.als; ../iAlloy-dataset-master/mutant_version_set/student/v4/student.als; 3651; 71; 3651; 77; 7795; 35; false;7795; 37; false
../iAlloy-dataset-master/mutant_version_set/student/v4/student.als; ../iAlloy-dataset-master/mutant_version_set/student/v5/student.als; 3651; 73; 3651; 78; 7812; 37; false;7812; 83; true
../iAlloy-dataset-master/real_version_set/addrFaulty/v11/addrFaulty.als; ../iAlloy-dataset-master/real_version_set/addrFaulty/v22/addrFaulty.als; 23717; 277; 22821; 285; 47387; 2138; true;47387; 2006; true
../iAlloy-dataset-master/real_version_set/arr1/v11/arr1.als; ../iAlloy-dataset-master/real_version_set/arr1/v22/arr1.als; 0; 8; 1164; 12; 9882; 159; true;0; 17; false
../iAlloy-dataset-master/real_version_set/balancedBST1/v11/balancedBST1.als; ../iAlloy-dataset-master/real_version_set/balancedBST1/v22/balancedBST1.als; 4067; 131; 4067; 140; 9543; 41; false;9543; 43; false
../iAlloy-dataset-master/real_version_set/balancedBST2/v11/balancedBST2.als; ../iAlloy-dataset-master/real_version_set/balancedBST2/v22/balancedBST2.als; 4067; 133; 4067; 134; 9543; 41; false;9543; 40; false
../iAlloy-dataset-master/real_version_set/balancedBST3/v11/balancedBST3.als; ../iAlloy-dataset-master/real_version_set/balancedBST3/v22/balancedBST3.als; 4067; 128; 4067; 125; 9543; 41; false;9543; 42; false
../iAlloy-dataset-master/real_version_set/bemplFaulty/v11/bemplFaulty.als; ../iAlloy-dataset-master/real_version_set/bemplFaulty/v22/bemplFaulty.als; 2169; 24; 2242; 24; 2948; 18; false;2949; 39; true
../iAlloy-dataset-master/real_version_set/cd1/v11/cd1.als; ../iAlloy-dataset-master/real_version_set/cd1/v22/cd1.als; 636; 11; 636; 13; 0; 12; false;0; 14; false
../iAlloy-dataset-master/real_version_set/cd2/v11/cd2.als; ../iAlloy-dataset-master/real_version_set/cd2/v22/cd2.als; 636; 12; 636; 13; 0; 13; false;0; 13; false
../iAlloy-dataset-master/real_version_set/dll1/v11/dll1.als; ../iAlloy-dataset-master/real_version_set/dll1/v22/dll1.als; 3795; 121; 3795; 118; 9271; 38; false;9271; 38; false
../iAlloy-dataset-master/real_version_set/dll2/v11/dll2.als; ../iAlloy-dataset-master/real_version_set/dll2/v22/dll2.als; 3795; 118; 3795; 114; 9271; 37; false;9271; 36; false
../iAlloy-dataset-master/real_version_set/dll3/v11/dll3.als; ../iAlloy-dataset-master/real_version_set/dll3/v22/dll3.als; 5647; 150; 3795; 117; 11132; 419; true;11132; 494; false
../iAlloy-dataset-master/real_version_set/dll4/v11/dll4.als; ../iAlloy-dataset-master/real_version_set/dll4/v22/dll4.als; 3795; 123; 3795; 115; 9280; 39; false;9280; 39; false
../iAlloy-dataset-master/real_version_set/gradeFaulty/v11/gradeFaulty.als; ../iAlloy-dataset-master/real_version_set/gradeFaulty/v22/gradeFaulty.als; 2823; 27; 2823; 27; 3018; 17; false;3018; 16; false
../iAlloy-dataset-master/real_version_set/student0/v11/student0.als; ../iAlloy-dataset-master/real_version_set/student0/v22/student0.als; 1924; 27; 3899; 94; 9849; 43; false;9852; 123; true
../iAlloy-dataset-master/real_version_set/student1/v11/student1.als; ../iAlloy-dataset-master/real_version_set/student1/v22/student1.als; 4674; 137; 3899; 95; 10795; 47; false;10796; 155; true
../iAlloy-dataset-master/real_version_set/student10/v11/student10.als; ../iAlloy-dataset-master/real_version_set/student10/v22/student10.als; 3884; 92; 3899; 95; 9834; 40; false;9835; 130; true
../iAlloy-dataset-master/real_version_set/student11/v11/student11.als; ../iAlloy-dataset-master/real_version_set/student11/v22/student11.als; 3884; 90; 3899; 100; 9834; 41; false;9835; 131; true
../iAlloy-dataset-master/real_version_set/student12/v11/student12.als; ../iAlloy-dataset-master/real_version_set/student12/v22/student12.als; 1924; 23; 3899; 97; 9849; 78; false;9852; 122; true
../iAlloy-dataset-master/real_version_set/student13/v11/student13.als; ../iAlloy-dataset-master/real_version_set/student13/v22/student13.als; 4442; 86; 3899; 95; 10555; 46; false;10556; 137; true
../iAlloy-dataset-master/real_version_set/student14/v11/student14.als; ../iAlloy-dataset-master/real_version_set/student14/v22/student14.als; 3884; 95; 3899; 96; 9868; 115; true;9869; 141; true
../iAlloy-dataset-master/real_version_set/student15/v11/student15.als; ../iAlloy-dataset-master/real_version_set/student15/v22/student15.als; 4378; 82; 3899; 96; 10491; 45; false;10492; 133; true
../iAlloy-dataset-master/real_version_set/student16/v11/student16.als; ../iAlloy-dataset-master/real_version_set/student16/v22/student16.als; 1925; 23; 3899; 98; 9833; 39; false;9835; 119; true
../iAlloy-dataset-master/real_version_set/student17/v11/student17.als; ../iAlloy-dataset-master/real_version_set/student17/v22/student17.als; 3884; 93; 3899; 96; 9834; 43; false;9835; 133; true
../iAlloy-dataset-master/real_version_set/student18/v11/student18.als; ../iAlloy-dataset-master/real_version_set/student18/v22/student18.als; 1925; 24; 3899; 96; 9833; 40; false;9835; 123; true
../iAlloy-dataset-master/real_version_set/student19/v11/student19.als; ../iAlloy-dataset-master/real_version_set/student19/v22/student19.als; 1925; 24; 3899; 100; 9833; 41; false;9835; 124; true
../iAlloy-dataset-master/real_version_set/student2/v11/student2.als; ../iAlloy-dataset-master/real_version_set/student2/v22/student2.als; 1925; 25; 3899; 99; 9833; 41; false;9835; 121; true
../iAlloy-dataset-master/real_version_set/student3/v11/student3.als; ../iAlloy-dataset-master/real_version_set/student3/v22/student3.als; 4490; 139; 3899; 99; 10603; 48; false;10604; 157; true
../iAlloy-dataset-master/real_version_set/student4/v11/student4.als; ../iAlloy-dataset-master/real_version_set/student4/v22/student4.als; 1925; 22; 3899; 97; 9833; 37; false;9835; 117; true
../iAlloy-dataset-master/real_version_set/student5/v11/student5.als; ../iAlloy-dataset-master/real_version_set/student5/v22/student5.als; 1925; 23; 3899; 96; 9833; 38; false;9835; 116; true
../iAlloy-dataset-master/real_version_set/student6/v11/student6.als; ../iAlloy-dataset-master/real_version_set/student6/v22/student6.als; 3884; 95; 3899; 94; 9868; 112; true;9869; 134; true
../iAlloy-dataset-master/real_version_set/student7/v11/student7.als; ../iAlloy-dataset-master/real_version_set/student7/v22/student7.als; 2781; 32; 3899; 98; 17332; 427; false;17334; 216; true
../iAlloy-dataset-master/real_version_set/student8/v11/student8.als; ../iAlloy-dataset-master/real_version_set/student8/v22/student8.als; 4674; 131; 3899; 137; 10795; 48; false;10796; 165; true
../iAlloy-dataset-master/real_version_set/student9/v11/student9.als; ../iAlloy-dataset-master/real_version_set/student9/v22/student9.als; 1925; 24; 3899; 103; 9833; 43; false;9835; 127; true
../platinum-experiment-data/comparison/CSOS/CSOS.als; ../platinum-experiment-data/comparison/CSOS/CSOSD.als; 0; 24; 3609; 32; 0; 598; false;0; 596; false
../platinum-experiment-data/comparison/CSOS/CSOSD.als; ../platinum-experiment-data/comparison/CSOS/Declaration.als; 3609; 30; 3483; 61; 40034; 914; true;40004; 381; false
../platinum-experiment-data/comparison/CSOS/Declaration.als; ../platinum-experiment-data/comparison/CSOS/Declaration1.als; 3483; 61; 1570; 22; 17379; 59; false;17383; 565; true
../platinum-experiment-data/comparison/Decider/Decider11.als; ../platinum-experiment-data/comparison/Decider/Declaration.als; 0; 16; 3483; 66; 41137; 708; true;41117; 176; false
../platinum-experiment-data/comparison/Ecommerce/Declaration.als; ../platinum-experiment-data/comparison/Ecommerce/Ecommerce.als; 3483; 65; 4217; 29; 39500; 247; false;39532; 761; true
../platinum-experiment-data/comparison/Ecommerce/Ecommerce.als; ../platinum-experiment-data/comparison/Ecommerce/Ecommerce3.als; 4217; 28; 3876; 29; 0; 254; false;0; 269; false
../platinum-experiment-data/evolved/CSOSMutants_Evolve/9.als; ../platinum-experiment-data/evolved/CSOSMutants_Evolve/Declaration.als; 0; 18; 2505; 39; 83700; 1451; true;83680; 1154; false
../platinum-experiment-data/evolved/DeciderMutants_Evolve/9.als; ../platinum-experiment-data/evolved/DeciderMutants_Evolve/Declaration.als; 0; 14; 2505; 39; 59343; 724; true;59330; 883; true
../platinum-experiment-data/evolved/EcommerceMutants_Evolve/0.als; ../platinum-experiment-data/evolved/EcommerceMutants_Evolve/1.als; 2556; 27; 2496; 23; 29364; 629; false;29365; 632; false
../platinum-experiment-data/evolved/EcommerceMutants_Evolve/1.als; ../platinum-experiment-data/evolved/EcommerceMutants_Evolve/10.als; 2496; 23; 1800; 22; 68401; 1800; false;68350; 1768; false
../platinum-experiment-data/evolved/EcommerceMutants_Evolve/10.als; ../platinum-experiment-data/evolved/EcommerceMutants_Evolve/11.als; 1800; 23; 1800; 24; 57520; 1594; false;57520; 1592; false
../platinum-experiment-data/evolved/EcommerceMutants_Evolve/11.als; ../platinum-experiment-data/evolved/EcommerceMutants_Evolve/12.als; 1800; 24; 0; 20; 151455; 4110; false;152300; 3822; false
../platinum-experiment-data/evolved/EcommerceMutants_Evolve/19.als; ../platinum-experiment-data/evolved/EcommerceMutants_Evolve/2.als; 0; 20; 2261; 26; 105063; 2774; false;104244; 2872; false
../platinum-experiment-data/evolved/EcommerceMutants_Evolve/2.als; ../platinum-experiment-data/evolved/EcommerceMutants_Evolve/20.als; 2261; 23; 0; 18; 104243; 2987; false;105061; 2615; false
../platinum-experiment-data/evolved/EcommerceMutants_Evolve/29.als; ../platinum-experiment-data/evolved/EcommerceMutants_Evolve/3.als; 0; 15; 2261; 25; 106461; 2575; false;105976; 2929; false
../platinum-experiment-data/evolved/EcommerceMutants_Evolve/3.als; ../platinum-experiment-data/evolved/EcommerceMutants_Evolve/4.als; 2261; 25; 2261; 23; 32879; 824; false;32879; 822; false
../platinum-experiment-data/evolved/EcommerceMutants_Evolve/4.als; ../platinum-experiment-data/evolved/EcommerceMutants_Evolve/5.als; 2261; 27; 2261; 27; 34501; 934; false;0; 527; false
../platinum-experiment-data/evolved/EcommerceMutants_Evolve/5.als; ../platinum-experiment-data/evolved/EcommerceMutants_Evolve/6.als; 2261; 25; 2261; 24; 0; 481; false;0; 507; false
../platinum-experiment-data/evolved/EcommerceMutants_Evolve/6.als; ../platinum-experiment-data/evolved/EcommerceMutants_Evolve/7.als; 2261; 24; 2261; 23; 0; 480; false;0; 476; false
../platinum-experiment-data/evolved/EcommerceMutants_Evolve/7.als; ../platinum-experiment-data/evolved/EcommerceMutants_Evolve/8.als; 2261; 25; 2013; 23; 50778; 1174; false;50775; 1196; false
../platinum-experiment-data/evolved/EcommerceMutants_Evolve/8.als; ../platinum-experiment-data/evolved/EcommerceMutants_Evolve/9.als; 2013; 25; 2013; 24; 47347; 1165; false;47347; 1156; false
../platinum-experiment-data/evolved/EcommerceMutants_Evolve/9.als; ../platinum-experiment-data/evolved/EcommerceMutants_Evolve/Declaration.als; 2013; 24; 2505; 42; 74421; 1118; true;74400; 695; false
../platinum-experiment-data/evolved/WordpressMutants_Evolve/9.als; ../platinum-experiment-data/evolved/WordpressMutants_Evolve/Declaration.als; 0; 16; 2505; 38; 55883; 791; true;55872; 493; false
../platinum-experiment-data/paired/CSOSMutants/CSOS.als; ../platinum-experiment-data/paired/CSOSMutants/Declaration.als; 0; 21; 2505; 39; 42219; 854; true;42191; 441; false
../platinum-experiment-data/paired/DeciderMutants/Decider.als; ../platinum-experiment-data/paired/DeciderMutants/Declaration.als; 0; 14; 2505; 40; 30324; 596; true;30306; 128; false
../platinum-experiment-data/paired/EcommerceMutants/0.als; ../platinum-experiment-data/paired/EcommerceMutants/1.als; 0; 21; 2664; 25; 0; 298; false;0; 314; false
../platinum-experiment-data/paired/EcommerceMutants/1.als; ../platinum-experiment-data/paired/EcommerceMutants/10.als; 2664; 23; 2946; 25; 0; 307; false;0; 275; false
../platinum-experiment-data/paired/EcommerceMutants/10.als; ../platinum-experiment-data/paired/EcommerceMutants/11.als; 2946; 24; 0; 19; 0; 259; false;0; 255; false
../platinum-experiment-data/paired/EcommerceMutants/11.als; ../platinum-experiment-data/paired/EcommerceMutants/12.als; 0; 19; 2916; 28; 0; 272; false;0; 264; false
../platinum-experiment-data/paired/EcommerceMutants/12.als; ../platinum-experiment-data/paired/EcommerceMutants/13.als; 2916; 24; 2947; 25; 0; 266; false;0; 264; false
../platinum-experiment-data/paired/EcommerceMutants/13.als; ../platinum-experiment-data/paired/EcommerceMutants/14.als; 2947; 23; 0; 17; 0; 278; false;0; 300; false
../platinum-experiment-data/paired/EcommerceMutants/19.als; ../platinum-experiment-data/paired/EcommerceMutants/2.als; 0; 18; 2689; 25; 0; 280; false;0; 303; false
../platinum-experiment-data/paired/EcommerceMutants/2.als; ../platinum-experiment-data/paired/EcommerceMutants/20.als; 2689; 25; 0; 21; 0; 317; false;0; 291; false
../platinum-experiment-data/paired/EcommerceMutants/21.als; ../platinum-experiment-data/paired/EcommerceMutants/22.als; 0; 18; 2836; 26; 0; 332; false;0; 338; false
../platinum-experiment-data/paired/EcommerceMutants/22.als; ../platinum-experiment-data/paired/EcommerceMutants/23.als; 2836; 24; 0; 22; 0; 268; false;0; 267; false
../platinum-experiment-data/paired/EcommerceMutants/25.als; ../platinum-experiment-data/paired/EcommerceMutants/26.als; 0; 18; 2947; 26; 30193; 671; false;30193; 664; false
../platinum-experiment-data/paired/EcommerceMutants/26.als; ../platinum-experiment-data/paired/EcommerceMutants/27.als; 2947; 26; 0; 20; 0; 262; false;0; 264; false
../platinum-experiment-data/paired/EcommerceMutants/27.als; ../platinum-experiment-data/paired/EcommerceMutants/28.als; 0; 18; 2778; 27; 0; 283; false;0; 304; false
../platinum-experiment-data/paired/EcommerceMutants/28.als; ../platinum-experiment-data/paired/EcommerceMutants/29.als; 2778; 25; 2692; 27; 28917; 567; false;29272; 572; false
../platinum-experiment-data/paired/EcommerceMutants/29.als; ../platinum-experiment-data/paired/EcommerceMutants/3.als; 2692; 26; 2858; 27; 0; 345; false;0; 345; false
../platinum-experiment-data/paired/EcommerceMutants/3.als; ../platinum-experiment-data/paired/EcommerceMutants/4.als; 2858; 29; 2840; 28; 0; 278; false;0; 278; false
../platinum-experiment-data/paired/EcommerceMutants/4.als; ../platinum-experiment-data/paired/EcommerceMutants/5.als; 2840; 27; 0; 18; 0; 409; false;0; 406; false
../platinum-experiment-data/paired/EcommerceMutants/7.als; ../platinum-experiment-data/paired/EcommerceMutants/8.als; 0; 18; 2917; 29; 0; 282; false;0; 277; false
../platinum-experiment-data/paired/EcommerceMutants/8.als; ../platinum-experiment-data/paired/EcommerceMutants/9.als; 2917; 25; 0; 19; 0; 281; false;0; 271; false
../platinum-experiment-data/paired/EcommerceMutants/9.als; ../platinum-experiment-data/paired/EcommerceMutants/Declaration.als; 0; 17; 2505; 39; 40501; 743; true;40472; 290; false
../platinum-experiment-data/paired/EcommerceMutants/Declaration.als; ../platinum-experiment-data/paired/EcommerceMutants/Ecommerce.als; 2505; 40; 2949; 27; 38934; 304; false;38963; 759; true
../platinum-experiment-data/paired/WordpressMutants/9.als; ../platinum-experiment-data/paired/WordpressMutants/Declaration.als; 0; 17; 2505; 38; 33890; 643; true;33867; 167; false
../platinum-experiment-data/paired/WordpressMutants/Declaration.als; ../platinum-experiment-data/paired/WordpressMutants/Wordpress.als; 2505; 40; 0; 17; 33867; 179; false;33890; 616; true
../platinum-experiment-data/scope/CSOSScope/CSOS56.als; ../platinum-experiment-data/scope/CSOSScope/Declaration.als; 0; 21; 2505; 39; 42219; 875; true;42191; 414; false
../platinum-experiment-data/scope/DeciderScope/Decider55.als; ../platinum-experiment-data/scope/DeciderScope/Declaration.als; 0; 15; 2505; 39; 30324; 583; true;30306; 121; false
../platinum-experiment-data/scope/EcommerceScope/Declaration.als; ../platinum-experiment-data/scope/EcommerceScope/Ecommerce50.als; 2505; 39; 2949; 26; 38934; 274; false;38963; 714; true
../platinum-experiment-data/scope/EcommerceScope/Ecommerce50.als; ../platinum-experiment-data/scope/EcommerceScope/Ecommerce51.als; 2949; 26; 2949; 24; 0; 255; false;0; 275; false
../platinum-experiment-data/scope/EcommerceScope/Ecommerce51.als; ../platinum-experiment-data/scope/EcommerceScope/Ecommerce52.als; 2949; 29; 2949; 25; 0; 254; false;0; 253; false
../platinum-experiment-data/scope/EcommerceScope/Ecommerce52.als; ../platinum-experiment-data/scope/EcommerceScope/Ecommerce53.als; 2949; 26; 2949; 28; 0; 252; false;0; 255; false
../platinum-experiment-data/scope/EcommerceScope/Ecommerce53.als; ../platinum-experiment-data/scope/EcommerceScope/Ecommerce54.als; 2949; 25; 2949; 26; 0; 257; false;0; 249; false
../platinum-experiment-data/scope/EcommerceScope/Ecommerce54.als; ../platinum-experiment-data/scope/EcommerceScope/Ecommerce55.als; 2949; 27; 2949; 26; 0; 255; false;0; 254; false
../platinum-experiment-data/scope/WordpressScope/Declaration.als; ../platinum-experiment-data/scope/WordpressScope/Wordpress32.als; 2505; 40; 0; 17; 33867; 172; false;33890; 639; true
