../models-master/algorithms/distributed-hashtable/chord.als; ../models-master/algorithms/distributed-hashtable/chord2.als; 2860; 983; 11882; 463; 11954; 166; false;11955; 512; true
../models-master/algorithms/distributed-hashtable/chord2.als; ../models-master/algorithms/distributed-hashtable/chordbugmodel.als; 11882; 431; 2613; 84; 11968; 152; false;11968; 391; true
../models-master/software-abstractions-book/appendixA/addressBook1.als; ../models-master/software-abstractions-book/appendixA/addressBook2.als; 169; 15; 557; 16; 1324; 30; true;1311; 26; true
../models-master/software-abstractions-book/appendixA/addressBook2.als; ../models-master/software-abstractions-book/appendixA/barbers.als; 557; 14; 59; 11; 748; 21; false;751; 24; true
../models-master/software-abstractions-book/appendixA/barbers.als; ../models-master/software-abstractions-book/appendixA/closure.als; 59; 9; 0; 10; 146; 17; true;145; 16; false
../models-master/software-abstractions-book/appendixA/distribution.als; ../models-master/software-abstractions-book/appendixA/phones.als; 0; 7; 155; 20; 164; 14; true;164; 12; false
../models-master/software-abstractions-book/appendixA/phones.als; ../models-master/software-abstractions-book/appendixA/prison.als; 155; 7; 205; 9; 418; 14; true;416; 14; true
../models-master/software-abstractions-book/appendixA/prison.als; ../models-master/software-abstractions-book/appendixA/properties.als; 205; 7; 0; 7; 254; 21; false;256; 21; true
../models-master/software-abstractions-book/appendixA/properties.als; ../models-master/software-abstractions-book/appendixA/ring.als; 0; 10; 76; 11; 85; 20; true;85; 18; false
../models-master/software-abstractions-book/appendixA/ring.als; ../models-master/software-abstractions-book/appendixA/spanning.als; 76; 9; 0; 10; 85; 19; false;85; 18; true
../models-master/software-abstractions-book/appendixA/tube.als; ../models-master/software-abstractions-book/appendixA/undirected.als; 0; 17; 76; 8; 1098; 24; true;1096; 22; true
../models-master/software-abstractions-book/chapter2/addressBook1a.als; ../models-master/software-abstractions-book/chapter2/addressBook1b.als; 479; 10; 479; 11; 0; 13; false;0; 13; false
../models-master/software-abstractions-book/chapter2/addressBook1b.als; ../models-master/software-abstractions-book/chapter2/addressBook1c.als; 479; 9; 479; 11; 0; 12; false;0; 13; false
../models-master/software-abstractions-book/chapter2/addressBook1c.als; ../models-master/software-abstractions-book/chapter2/addressBook1d.als; 479; 9; 479; 10; 0; 12; false;0; 13; false
../models-master/software-abstractions-book/chapter2/addressBook1d.als; ../models-master/software-abstractions-book/chapter2/addressBook1e.als; 479; 9; 479; 10; 0; 13; false;0; 12; false
../models-master/software-abstractions-book/chapter2/addressBook1e.als; ../models-master/software-abstractions-book/chapter2/addressBook1f.als; 479; 9; 479; 10; 0; 13; false;0; 13; false
../models-master/software-abstractions-book/chapter2/addressBook1f.als; ../models-master/software-abstractions-book/chapter2/addressBook1g.als; 479; 10; 479; 10; 0; 14; false;0; 13; false
../models-master/software-abstractions-book/chapter2/addressBook1g.als; ../models-master/software-abstractions-book/chapter2/addressBook1h.als; 479; 9; 479; 13; 0; 18; false;0; 17; false
../models-master/software-abstractions-book/chapter2/addressBook1h.als; ../models-master/software-abstractions-book/chapter2/addressBook2a.als; 479; 12; 308; 9; 3761; 45; true;3764; 38; true
../models-master/software-abstractions-book/chapter2/addressBook2a.als; ../models-master/software-abstractions-book/chapter2/addressBook2b.als; 308; 9; 540; 9; 5419; 24; false;5420; 54; true
../models-master/software-abstractions-book/chapter2/addressBook2b.als; ../models-master/software-abstractions-book/chapter2/addressBook2c.als; 540; 13; 540; 14; 5420; 52; false;5420; 38; false
../models-master/software-abstractions-book/chapter2/addressBook2c.als; ../models-master/software-abstractions-book/chapter2/addressBook2d.als; 540; 10; 591; 10; 5592; 28; false;5592; 51; false
../models-master/software-abstractions-book/chapter2/addressBook2d.als; ../models-master/software-abstractions-book/chapter2/addressBook2e.als; 591; 11; 803; 17; 6789; 83; true;6789; 73; true
../models-master/software-abstractions-book/chapter4/filesystem.als; ../models-master/software-abstractions-book/chapter4/grandpa1.als; 138; 10; 452; 12; 1962; 26; true;1962; 21; true
../models-master/software-abstractions-book/chapter4/grandpa1.als; ../models-master/software-abstractions-book/chapter4/grandpa2.als; 452; 10; 452; 10; 1400; 22; false;1400; 22; false
../models-master/software-abstractions-book/chapter4/grandpa2.als; ../models-master/software-abstractions-book/chapter4/grandpa3.als; 452; 13; 471; 14; 1419; 23; false;1420; 28; true
../models-master/software-abstractions-book/chapter4/grandpa3.als; ../models-master/software-abstractions-book/chapter4/lights.als; 471; 13; 397; 12; 1989; 28; true;1986; 28; true
../iAlloy-dataset-master/mutant_version_set/addr/v1/addr.als; ../iAlloy-dataset-master/mutant_version_set/addr/v2/addr.als; 703; 25; 703; 18; 1392; 21; false;1392; 24; true
../iAlloy-dataset-master/mutant_version_set/addr/v2/addr.als; ../iAlloy-dataset-master/mutant_version_set/addr/v3/addr.als; 703; 13; 703; 16; 1335; 27; true;1335; 25; true
../iAlloy-dataset-master/mutant_version_set/addr/v3/addr.als; ../iAlloy-dataset-master/mutant_version_set/addr/v4/addr.als; 703; 15; 722; 21; 1335; 23; false;1336; 23; true
../iAlloy-dataset-master/mutant_version_set/addr/v4/addr.als; ../iAlloy-dataset-master/mutant_version_set/addr/v5/addr.als; 722; 17; 127; 11; 1337; 21; false;1337; 21; true
../iAlloy-dataset-master/mutant_version_set/addressBook/v1/addressBook.als; ../iAlloy-dataset-master/mutant_version_set/addressBook/v2/addressBook.als; 522; 12; 522; 12; 1142; 20; true;1142; 19; true
../iAlloy-dataset-master/mutant_version_set/addressBook/v2/addressBook.als; ../iAlloy-dataset-master/mutant_version_set/addressBook/v3/addressBook.als; 522; 11; 526; 11; 1134; 18; true;1134; 19; true
../iAlloy-dataset-master/mutant_version_set/addressBook/v3/addressBook.als; ../iAlloy-dataset-master/mutant_version_set/addressBook/v4/addressBook.als; 526; 10; 546; 17; 1135; 25; false;1136; 24; true
../iAlloy-dataset-master/mutant_version_set/addressBook/v4/addressBook.als; ../iAlloy-dataset-master/mutant_version_set/addressBook/v5/addressBook.als; 546; 10; 546; 12; 720; 16; true;720; 18; true
../iAlloy-dataset-master/mutant_version_set/arr/v1/arr.als; ../iAlloy-dataset-master/mutant_version_set/arr/v2/arr.als; 569; 14; 569; 12; 583; 17; false;583; 16; false
../iAlloy-dataset-master/mutant_version_set/arr/v2/arr.als; ../iAlloy-dataset-master/mutant_version_set/arr/v3/arr.als; 569; 9; 686; 12; 790; 17; true;592; 16; true
../iAlloy-dataset-master/mutant_version_set/arr/v3/arr.als; ../iAlloy-dataset-master/mutant_version_set/arr/v4/arr.als; 686; 9; 685; 12; 789; 16; false;781; 16; true
../iAlloy-dataset-master/mutant_version_set/arr/v4/arr.als; ../iAlloy-dataset-master/mutant_version_set/arr/v5/arr.als; 685; 9; 654; 12; 782; 17; true;781; 16; false
../iAlloy-dataset-master/mutant_version_set/balancedBST/v1/balancedBST.als; ../iAlloy-dataset-master/mutant_version_set/balancedBST/v2/balancedBST.als; 581; 16; 587; 17; 610; 27; true;610; 20; false
../iAlloy-dataset-master/mutant_version_set/balancedBST/v2/balancedBST.als; ../iAlloy-dataset-master/mutant_version_set/balancedBST/v3/balancedBST.als; 587; 14; 587; 16; 600; 30; false;600; 19; false
../iAlloy-dataset-master/mutant_version_set/balancedBST/v3/balancedBST.als; ../iAlloy-dataset-master/mutant_version_set/balancedBST/v4/balancedBST.als; 587; 14; 587; 17; 600; 19; false;600; 20; false
../iAlloy-dataset-master/mutant_version_set/balancedBST/v4/balancedBST.als; ../iAlloy-dataset-master/mutant_version_set/balancedBST/v5/balancedBST.als; 587; 14; 668; 18; 706; 18; false;706; 19; true
../iAlloy-dataset-master/mutant_version_set/bempl/v1/bempl.als; ../iAlloy-dataset-master/mutant_version_set/bempl/v2/bempl.als; 312; 11; 316; 12; 514; 16; true;514; 17; true
../iAlloy-dataset-master/mutant_version_set/bempl/v2/bempl.als; ../iAlloy-dataset-master/mutant_version_set/bempl/v3/bempl.als; 316; 9; 312; 11; 514; 16; true;514; 14; false
../iAlloy-dataset-master/mutant_version_set/bempl/v3/bempl.als; ../iAlloy-dataset-master/mutant_version_set/bempl/v4/bempl.als; 312; 8; 327; 10; 549; 15; false;549; 18; true
../iAlloy-dataset-master/mutant_version_set/bempl/v4/bempl.als; ../iAlloy-dataset-master/mutant_version_set/bempl/v5/bempl.als; 327; 8; 327; 11; 539; 14; false;539; 15; false
../iAlloy-dataset-master/mutant_version_set/binaryTree/v1/binaryTree.als; ../iAlloy-dataset-master/mutant_version_set/binaryTree/v2/binaryTree.als; 171; 9; 171; 10; 190; 14; false;190; 15; true
../iAlloy-dataset-master/mutant_version_set/binaryTree/v2/binaryTree.als; ../iAlloy-dataset-master/mutant_version_set/binaryTree/v3/binaryTree.als; 171; 7; 171; 10; 180; 13; false;180; 14; false
../iAlloy-dataset-master/mutant_version_set/binaryTree/v3/binaryTree.als; ../iAlloy-dataset-master/mutant_version_set/binaryTree/v4/binaryTree.als; 171; 9; 171; 11; 180; 12; false;180; 14; false
../iAlloy-dataset-master/mutant_version_set/binaryTree/v4/binaryTree.als; ../iAlloy-dataset-master/mutant_version_set/binaryTree/v5/binaryTree.als; 171; 7; 171; 10; 190; 14; true;190; 13; false
../iAlloy-dataset-master/mutant_version_set/cd/v1/cd.als; ../iAlloy-dataset-master/mutant_version_set/cd/v2/cd.als; 65; 9; 65; 10; 0; 13; false;0; 16; false
../iAlloy-dataset-master/mutant_version_set/cd/v2/cd.als; ../iAlloy-dataset-master/mutant_version_set/cd/v3/cd.als; 65; 7; 110; 10; 385; 14; true;385; 14; false
../iAlloy-dataset-master/mutant_version_set/cd/v3/cd.als; ../iAlloy-dataset-master/mutant_version_set/cd/v4/cd.als; 110; 7; 110; 10; 0; 13; false;0; 13; false
../iAlloy-dataset-master/mutant_version_set/cd/v4/cd.als; ../iAlloy-dataset-master/mutant_version_set/cd/v5/cd.als; 110; 8; 110; 9; 0; 12; false;0; 13; false
../iAlloy-dataset-master/mutant_version_set/ceilingsAndFloors/v1/ceilingsAndFloors.als; ../iAlloy-dataset-master/mutant_version_set/ceilingsAndFloors/v2/ceilingsAndFloors.als; 308; 11; 211; 14; 337; 22; true;0; 14; false
../iAlloy-dataset-master/mutant_version_set/ceilingsAndFloors/v2/ceilingsAndFloors.als; ../iAlloy-dataset-master/mutant_version_set/ceilingsAndFloors/v3/ceilingsAndFloors.als; 211; 9; 211; 9; 0; 27; false;0; 21; false
../iAlloy-dataset-master/mutant_version_set/ceilingsAndFloors/v3/ceilingsAndFloors.als; ../iAlloy-dataset-master/mutant_version_set/ceilingsAndFloors/v4/ceilingsAndFloors.als; 211; 12; 211; 14; 0; 14; false;0; 14; false
../iAlloy-dataset-master/mutant_version_set/ceilingsAndFloors/v4/ceilingsAndFloors.als; ../iAlloy-dataset-master/mutant_version_set/ceilingsAndFloors/v5/ceilingsAndFloors.als; 211; 8; 211; 9; 0; 14; false;0; 14; false
../iAlloy-dataset-master/mutant_version_set/dll/v1/dll.als; ../iAlloy-dataset-master/mutant_version_set/dll/v2/dll.als; 539; 13; 539; 13; 552; 16; false;552; 15; false
../iAlloy-dataset-master/mutant_version_set/dll/v2/dll.als; ../iAlloy-dataset-master/mutant_version_set/dll/v3/dll.als; 539; 12; 539; 13; 552; 16; false;552; 14; false
../iAlloy-dataset-master/mutant_version_set/dll/v3/dll.als; ../iAlloy-dataset-master/mutant_version_set/dll/v4/dll.als; 539; 11; 539; 13; 552; 13; false;552; 15; false
../iAlloy-dataset-master/mutant_version_set/dll/v4/dll.als; ../iAlloy-dataset-master/mutant_version_set/dll/v5/dll.als; 539; 10; 533; 14; 553; 15; true;553; 19; false
../iAlloy-dataset-master/mutant_version_set/filesystem/v1/filesystem.als; ../iAlloy-dataset-master/mutant_version_set/filesystem/v2/filesystem.als; 138; 12; 153; 12; 601; 18; false;602; 18; true
../iAlloy-dataset-master/mutant_version_set/filesystem/v2/filesystem.als; ../iAlloy-dataset-master/mutant_version_set/filesystem/v3/filesystem.als; 153; 9; 47; 10; 600; 21; false;601; 26; true
../iAlloy-dataset-master/mutant_version_set/filesystem/v3/filesystem.als; ../iAlloy-dataset-master/mutant_version_set/filesystem/v4/filesystem.als; 47; 7; 160; 9; 602; 19; true;602; 23; false
../iAlloy-dataset-master/mutant_version_set/filesystem/v4/filesystem.als; ../iAlloy-dataset-master/mutant_version_set/filesystem/v5/filesystem.als; 160; 8; 160; 8; 397; 19; true;397; 23; true
../iAlloy-dataset-master/mutant_version_set/fullTree/v1/fullTree.als; ../iAlloy-dataset-master/mutant_version_set/fullTree/v2/fullTree.als; 171; 18; 174; 17; 202; 24; true;202; 21; true
../iAlloy-dataset-master/mutant_version_set/fullTree/v2/fullTree.als; ../iAlloy-dataset-master/mutant_version_set/fullTree/v3/fullTree.als; 174; 12; 162; 18; 190; 23; false;190; 23; true
../iAlloy-dataset-master/mutant_version_set/fullTree/v3/fullTree.als; ../iAlloy-dataset-master/mutant_version_set/fullTree/v4/fullTree.als; 162; 12; 162; 15; 171; 21; false;171; 22; false
../iAlloy-dataset-master/mutant_version_set/fullTree/v4/fullTree.als; ../iAlloy-dataset-master/mutant_version_set/fullTree/v5/fullTree.als; 162; 11; 162; 15; 171; 21; false;171; 21; false
../iAlloy-dataset-master/mutant_version_set/grade/v1/grade.als; ../iAlloy-dataset-master/mutant_version_set/grade/v2/grade.als; 398; 20; 251; 17; 471; 22; false;472; 29; true
../iAlloy-dataset-master/mutant_version_set/grade/v2/grade.als; ../iAlloy-dataset-master/mutant_version_set/grade/v3/grade.als; 251; 15; 251; 17; 370; 48; false;370; 21; false
../iAlloy-dataset-master/mutant_version_set/grade/v3/grade.als; ../iAlloy-dataset-master/mutant_version_set/grade/v4/grade.als; 251; 12; 399; 16; 472; 26; true;472; 23; false
../iAlloy-dataset-master/mutant_version_set/grade/v4/grade.als; ../iAlloy-dataset-master/mutant_version_set/grade/v5/grade.als; 399; 13; 400; 17; 468; 23; false;469; 22; true
../iAlloy-dataset-master/mutant_version_set/grandpa1/v1/grandpa1.als; ../iAlloy-dataset-master/mutant_version_set/grandpa1/v2/grandpa1.als; 452; 16; 440; 15; 1412; 29; true;1412; 33; true
../iAlloy-dataset-master/mutant_version_set/grandpa1/v2/grandpa1.als; ../iAlloy-dataset-master/mutant_version_set/grandpa1/v3/grandpa1.als; 440; 14; 441; 11; 1388; 16; false;1388; 17; false
../iAlloy-dataset-master/mutant_version_set/grandpa1/v3/grandpa1.als; ../iAlloy-dataset-master/mutant_version_set/grandpa1/v4/grandpa1.als; 441; 9; 441; 9; 1411; 17; false;1411; 21; true
../iAlloy-dataset-master/mutant_version_set/grandpa1/v4/grandpa1.als; ../iAlloy-dataset-master/mutant_version_set/grandpa1/v5/grandpa1.als; 441; 8; 440; 10; 1388; 23; false;1388; 26; false
../iAlloy-dataset-master/mutant_version_set/grandpa2/v1/grandpa2.als; ../iAlloy-dataset-master/mutant_version_set/grandpa2/v2/grandpa2.als; 452; 16; 346; 15; 1400; 32; true;0; 22; false
../iAlloy-dataset-master/mutant_version_set/grandpa2/v2/grandpa2.als; ../iAlloy-dataset-master/mutant_version_set/grandpa2/v3/grandpa2.als; 346; 12; 346; 14; 0; 18; false;0; 17; false
../iAlloy-dataset-master/mutant_version_set/grandpa2/v3/grandpa2.als; ../iAlloy-dataset-master/mutant_version_set/grandpa2/v4/grandpa2.als; 346; 8; 346; 10; 0; 13; false;0; 13; false
../iAlloy-dataset-master/mutant_version_set/grandpa2/v4/grandpa2.als; ../iAlloy-dataset-master/mutant_version_set/grandpa2/v5/grandpa2.als; 346; 8; 346; 9; 0; 13; false;0; 13; false
../iAlloy-dataset-master/mutant_version_set/grandpa3/v1/grandpa3.als; ../iAlloy-dataset-master/mutant_version_set/grandpa3/v2/grandpa3.als; 471; 13; 471; 11; 1420; 19; false;1420; 20; false
../iAlloy-dataset-master/mutant_version_set/grandpa3/v2/grandpa3.als; ../iAlloy-dataset-master/mutant_version_set/grandpa3/v3/grandpa3.als; 471; 10; 491; 12; 1425; 19; false;1427; 24; true
../iAlloy-dataset-master/mutant_version_set/grandpa3/v3/grandpa3.als; ../iAlloy-dataset-master/mutant_version_set/grandpa3/v4/grandpa3.als; 491; 10; 491; 13; 385; 16; false;385; 17; false
../iAlloy-dataset-master/mutant_version_set/grandpa3/v4/grandpa3.als; ../iAlloy-dataset-master/mutant_version_set/grandpa3/v5/grandpa3.als; 491; 11; 491; 11; 385; 16; false;385; 26; false
../iAlloy-dataset-master/mutant_version_set/handshake/v1/handshake.als; ../iAlloy-dataset-master/mutant_version_set/handshake/v2/handshake.als; 177; 10; 250; 9; 1263; 20; false;1263; 21; true
../iAlloy-dataset-master/mutant_version_set/handshake/v2/handshake.als; ../iAlloy-dataset-master/mutant_version_set/handshake/v3/handshake.als; 250; 8; 251; 14; 1245; 31; true;1244; 20; false
../iAlloy-dataset-master/mutant_version_set/handshake/v3/handshake.als; ../iAlloy-dataset-master/mutant_version_set/handshake/v4/handshake.als; 251; 11; 263; 11; 1288; 32; true;1288; 20; false
../iAlloy-dataset-master/mutant_version_set/handshake/v4/handshake.als; ../iAlloy-dataset-master/mutant_version_set/handshake/v5/handshake.als; 263; 10; 252; 11; 1284; 30; true;1283; 19; false
../iAlloy-dataset-master/mutant_version_set/lists/v1/lists.als; ../iAlloy-dataset-master/mutant_version_set/lists/v2/lists.als; 808; 22; 796; 22; 1819; 31; false;1819; 31; false
../iAlloy-dataset-master/mutant_version_set/lists/v2/lists.als; ../iAlloy-dataset-master/mutant_version_set/lists/v3/lists.als; 796; 19; 793; 22; 1893; 50; true;1893; 53; true
../iAlloy-dataset-master/mutant_version_set/lists/v3/lists.als; ../iAlloy-dataset-master/mutant_version_set/lists/v4/lists.als; 793; 20; 887; 25; 2059; 40; true;2059; 39; true
../iAlloy-dataset-master/mutant_version_set/lists/v4/lists.als; ../iAlloy-dataset-master/mutant_version_set/lists/v5/lists.als; 887; 22; 905; 24; 1996; 47; true;1996; 42; true
../iAlloy-dataset-master/mutant_version_set/sll/v1/sll.als; ../iAlloy-dataset-master/mutant_version_set/sll/v2/sll.als; 195; 9; 195; 11; 0; 13; false;0; 13; false
../iAlloy-dataset-master/mutant_version_set/sll/v2/sll.als; ../iAlloy-dataset-master/mutant_version_set/sll/v3/sll.als; 195; 7; 195; 11; 234; 12; false;234; 20; true
../iAlloy-dataset-master/mutant_version_set/sll/v3/sll.als; ../iAlloy-dataset-master/mutant_version_set/sll/v4/sll.als; 195; 10; 180; 11; 228; 19; true;228; 16; false
../iAlloy-dataset-master/mutant_version_set/sll/v4/sll.als; ../iAlloy-dataset-master/mutant_version_set/sll/v5/sll.als; 180; 11; 181; 12; 0; 17; false;210; 33; true
../iAlloy-dataset-master/mutant_version_set/student/v1/student.als; ../iAlloy-dataset-master/mutant_version_set/student/v2/student.als; 558; 23; 558; 23; 592; 27; false;592; 28; false
../iAlloy-dataset-master/mutant_version_set/student/v2/student.als; ../iAlloy-dataset-master/mutant_version_set/student/v3/student.als; 558; 20; 465; 20; 596; 28; false;596; 28; false
../iAlloy-dataset-master/mutant_version_set/student/v3/student.als; ../iAlloy-dataset-master/mutant_version_set/student/v4/student.als; 465; 16; 465; 14; 499; 18; false;499; 18; false
../iAlloy-dataset-master/mutant_version_set/student/v4/student.als; ../iAlloy-dataset-master/mutant_version_set/student/v5/student.als; 465; 12; 465; 13; 506; 19; false;506; 19; false
../iAlloy-dataset-master/real_version_set/addrFaulty/v11/addrFaulty.als; ../iAlloy-dataset-master/real_version_set/addrFaulty/v22/addrFaulty.als; 739; 13; 703; 13; 1437; 21; false;1437; 21; true
../iAlloy-dataset-master/real_version_set/arr1/v11/arr1.als; ../iAlloy-dataset-master/real_version_set/arr1/v22/arr1.als; 0; 8; 569; 11; 580; 15; true;0; 12; false
../iAlloy-dataset-master/real_version_set/balancedBST1/v11/balancedBST1.als; ../iAlloy-dataset-master/real_version_set/balancedBST1/v22/balancedBST1.als; 581; 15; 581; 15; 594; 16; false;594; 22; false
../iAlloy-dataset-master/real_version_set/balancedBST2/v11/balancedBST2.als; ../iAlloy-dataset-master/real_version_set/balancedBST2/v22/balancedBST2.als; 581; 22; 581; 18; 594; 16; false;594; 16; false
../iAlloy-dataset-master/real_version_set/balancedBST3/v11/balancedBST3.als; ../iAlloy-dataset-master/real_version_set/balancedBST3/v22/balancedBST3.als; 581; 15; 581; 15; 594; 17; false;594; 16; false
../iAlloy-dataset-master/real_version_set/bemplFaulty/v11/bemplFaulty.als; ../iAlloy-dataset-master/real_version_set/bemplFaulty/v22/bemplFaulty.als; 299; 10; 312; 10; 508; 14; false;509; 15; true
../iAlloy-dataset-master/real_version_set/cd1/v11/cd1.als; ../iAlloy-dataset-master/real_version_set/cd1/v22/cd1.als; 65; 9; 65; 9; 0; 11; false;0; 12; false
../iAlloy-dataset-master/real_version_set/cd2/v11/cd2.als; ../iAlloy-dataset-master/real_version_set/cd2/v22/cd2.als; 65; 9; 65; 8; 0; 12; false;0; 11; false
../iAlloy-dataset-master/real_version_set/dll1/v11/dll1.als; ../iAlloy-dataset-master/real_version_set/dll1/v22/dll1.als; 539; 12; 539; 13; 552; 15; false;552; 14; false
../iAlloy-dataset-master/real_version_set/dll2/v11/dll2.als; ../iAlloy-dataset-master/real_version_set/dll2/v22/dll2.als; 539; 16; 539; 21; 552; 24; false;552; 27; false
../iAlloy-dataset-master/real_version_set/dll3/v11/dll3.als; ../iAlloy-dataset-master/real_version_set/dll3/v22/dll3.als; 620; 22; 539; 19; 637; 26; true;637; 23; false
../iAlloy-dataset-master/real_version_set/dll4/v11/dll4.als; ../iAlloy-dataset-master/real_version_set/dll4/v22/dll4.als; 539; 19; 539; 14; 556; 15; false;556; 15; false
../iAlloy-dataset-master/real_version_set/gradeFaulty/v11/gradeFaulty.als; ../iAlloy-dataset-master/real_version_set/gradeFaulty/v22/gradeFaulty.als; 398; 12; 398; 11; 466; 14; false;466; 13; false
../iAlloy-dataset-master/real_version_set/student0/v11/student0.als; ../iAlloy-dataset-master/real_version_set/student0/v22/student0.als; 444; 11; 558; 16; 596; 17; false;599; 19; true
../iAlloy-dataset-master/real_version_set/student1/v11/student1.als; ../iAlloy-dataset-master/real_version_set/student1/v22/student1.als; 608; 15; 558; 14; 682; 17; false;683; 22; true
../iAlloy-dataset-master/real_version_set/student10/v11/student10.als; ../iAlloy-dataset-master/real_version_set/student10/v22/student10.als; 553; 13; 558; 21; 591; 22; false;592; 20; true
../iAlloy-dataset-master/real_version_set/student11/v11/student11.als; ../iAlloy-dataset-master/real_version_set/student11/v22/student11.als; 553; 13; 558; 14; 591; 17; false;592; 18; true
../iAlloy-dataset-master/real_version_set/student12/v11/student12.als; ../iAlloy-dataset-master/real_version_set/student12/v22/student12.als; 444; 11; 558; 14; 596; 16; false;599; 19; true
../iAlloy-dataset-master/real_version_set/student13/v11/student13.als; ../iAlloy-dataset-master/real_version_set/student13/v22/student13.als; 581; 14; 558; 14; 652; 18; false;653; 20; true
../iAlloy-dataset-master/real_version_set/student14/v11/student14.als; ../iAlloy-dataset-master/real_version_set/student14/v22/student14.als; 553; 14; 558; 22; 605; 23; true;606; 20; true
../iAlloy-dataset-master/real_version_set/student15/v11/student15.als; ../iAlloy-dataset-master/real_version_set/student15/v22/student15.als; 572; 13; 558; 15; 643; 17; false;644; 20; true
../iAlloy-dataset-master/real_version_set/student16/v11/student16.als; ../iAlloy-dataset-master/real_version_set/student16/v22/student16.als; 445; 13; 558; 15; 590; 16; false;592; 18; true
../iAlloy-dataset-master/real_version_set/student17/v11/student17.als; ../iAlloy-dataset-master/real_version_set/student17/v22/student17.als; 553; 13; 558; 15; 591; 16; false;592; 19; true
../iAlloy-dataset-master/real_version_set/student18/v11/student18.als; ../iAlloy-dataset-master/real_version_set/student18/v22/student18.als; 445; 22; 558; 15; 590; 16; false;592; 19; true
../iAlloy-dataset-master/real_version_set/student19/v11/student19.als; ../iAlloy-dataset-master/real_version_set/student19/v22/student19.als; 445; 12; 558; 14; 590; 16; false;592; 18; true
../iAlloy-dataset-master/real_version_set/student2/v11/student2.als; ../iAlloy-dataset-master/real_version_set/student2/v22/student2.als; 445; 11; 558; 14; 590; 16; false;592; 19; true
../iAlloy-dataset-master/real_version_set/student3/v11/student3.als; ../iAlloy-dataset-master/real_version_set/student3/v22/student3.als; 584; 15; 558; 14; 655; 18; false;656; 21; true
../iAlloy-dataset-master/real_version_set/student4/v11/student4.als; ../iAlloy-dataset-master/real_version_set/student4/v22/student4.als; 445; 12; 558; 14; 590; 16; false;592; 19; true
../iAlloy-dataset-master/real_version_set/student5/v11/student5.als; ../iAlloy-dataset-master/real_version_set/student5/v22/student5.als; 445; 12; 558; 14; 590; 18; false;592; 18; true
../iAlloy-dataset-master/real_version_set/student6/v11/student6.als; ../iAlloy-dataset-master/real_version_set/student6/v22/student6.als; 553; 14; 558; 15; 605; 17; true;606; 20; true
../iAlloy-dataset-master/real_version_set/student7/v11/student7.als; ../iAlloy-dataset-master/real_version_set/student7/v22/student7.als; 646; 13; 558; 14; 918; 18; false;920; 22; true
../iAlloy-dataset-master/real_version_set/student8/v11/student8.als; ../iAlloy-dataset-master/real_version_set/student8/v22/student8.als; 608; 15; 558; 14; 682; 17; false;683; 20; true
../iAlloy-dataset-master/real_version_set/student9/v11/student9.als; ../iAlloy-dataset-master/real_version_set/student9/v22/student9.als; 445; 11; 558; 14; 590; 16; false;592; 18; true
../platinum-experiment-data/comparison/CSOS/CSOS.als; ../platinum-experiment-data/comparison/CSOS/CSOSD.als; 0; 31; 3609; 40; 0; 578; false;0; 494; false
../platinum-experiment-data/comparison/CSOS/CSOSD.als; ../platinum-experiment-data/comparison/CSOS/Declaration.als; 3609; 36; 694; 11; 17291; 366; true;17260; 344; false
../platinum-experiment-data/comparison/CSOS/Declaration.als; ../platinum-experiment-data/comparison/CSOS/Declaration1.als; 694; 10; 75; 9; 2760; 22; false;2764; 48; true
../platinum-experiment-data/comparison/Decider/Decider11.als; ../platinum-experiment-data/comparison/Decider/Declaration.als; 0; 17; 694; 11; 11212; 105; true;11191; 108; false
../platinum-experiment-data/comparison/Ecommerce/Declaration.als; ../platinum-experiment-data/comparison/Ecommerce/Ecommerce.als; 694; 15; 3362; 33; 15639; 200; true;15671; 232; true
../platinum-experiment-data/comparison/Ecommerce/Ecommerce.als; ../platinum-experiment-data/comparison/Ecommerce/Ecommerce3.als; 3362; 28; 3021; 27; 8814; 407; true;9037; 335; true
../platinum-experiment-data/evolved/CSOSMutants_Evolve/9.als; ../platinum-experiment-data/evolved/CSOSMutants_Evolve/Declaration.als; 0; 20; 563; 10; 26139; 432; true;26118; 407; false
../platinum-experiment-data/evolved/DeciderMutants_Evolve/9.als; ../platinum-experiment-data/evolved/DeciderMutants_Evolve/Declaration.als; 0; 14; 563; 10; 14836; 114; true;14823; 82; false
../platinum-experiment-data/evolved/EcommerceMutants_Evolve/0.als; ../platinum-experiment-data/evolved/EcommerceMutants_Evolve/1.als; 2556; 28; 2496; 27; 10667; 349; true;10668; 375; true
../platinum-experiment-data/evolved/EcommerceMutants_Evolve/1.als; ../platinum-experiment-data/evolved/EcommerceMutants_Evolve/10.als; 2496; 25; 1800; 25; 18112; 589; true;18138; 558; false
../platinum-experiment-data/evolved/EcommerceMutants_Evolve/10.als; ../platinum-experiment-data/evolved/EcommerceMutants_Evolve/11.als; 1800; 25; 1800; 25; 15643; 544; true;15643; 510; false
../platinum-experiment-data/evolved/EcommerceMutants_Evolve/11.als; ../platinum-experiment-data/evolved/EcommerceMutants_Evolve/12.als; 1800; 25; 0; 19; 32780; 931; true;32821; 807; true
../platinum-experiment-data/evolved/EcommerceMutants_Evolve/19.als; ../platinum-experiment-data/evolved/EcommerceMutants_Evolve/2.als; 0; 19; 2261; 26; 25491; 699; true;0; 412; false
../platinum-experiment-data/evolved/EcommerceMutants_Evolve/2.als; ../platinum-experiment-data/evolved/EcommerceMutants_Evolve/20.als; 2261; 25; 0; 19; 0; 375; false;25490; 655; true
../platinum-experiment-data/evolved/EcommerceMutants_Evolve/29.als; ../platinum-experiment-data/evolved/EcommerceMutants_Evolve/3.als; 0; 17; 2261; 25; 25914; 738; true;0; 430; false
../platinum-experiment-data/evolved/EcommerceMutants_Evolve/3.als; ../platinum-experiment-data/evolved/EcommerceMutants_Evolve/4.als; 2261; 27; 2261; 23; 11028; 404; false;11028; 375; false
../platinum-experiment-data/evolved/EcommerceMutants_Evolve/4.als; ../platinum-experiment-data/evolved/EcommerceMutants_Evolve/5.als; 2261; 25; 2261; 27; 11495; 496; true;11473; 438; false
../platinum-experiment-data/evolved/EcommerceMutants_Evolve/5.als; ../platinum-experiment-data/evolved/EcommerceMutants_Evolve/6.als; 2261; 22; 2261; 22; 11438; 416; false;11438; 378; false
../platinum-experiment-data/evolved/EcommerceMutants_Evolve/6.als; ../platinum-experiment-data/evolved/EcommerceMutants_Evolve/7.als; 2261; 25; 2261; 23; 11438; 377; false;11438; 381; false
../platinum-experiment-data/evolved/EcommerceMutants_Evolve/7.als; ../platinum-experiment-data/evolved/EcommerceMutants_Evolve/8.als; 2261; 23; 2013; 30; 14754; 464; true;14751; 416; false
../platinum-experiment-data/evolved/EcommerceMutants_Evolve/8.als; ../platinum-experiment-data/evolved/EcommerceMutants_Evolve/9.als; 2013; 23; 2013; 23; 13948; 457; false;13948; 429; false
../platinum-experiment-data/evolved/EcommerceMutants_Evolve/9.als; ../platinum-experiment-data/evolved/EcommerceMutants_Evolve/Declaration.als; 2013; 23; 563; 9; 22488; 302; true;22467; 401; true
../platinum-experiment-data/evolved/WordpressMutants_Evolve/9.als; ../platinum-experiment-data/evolved/WordpressMutants_Evolve/Declaration.als; 0; 16; 563; 9; 15430; 140; true;15419; 123; false
../platinum-experiment-data/paired/CSOSMutants/CSOS.als; ../platinum-experiment-data/paired/CSOSMutants/Declaration.als; 0; 24; 563; 9; 18173; 328; true;18144; 291; false
../platinum-experiment-data/paired/DeciderMutants/Decider.als; ../platinum-experiment-data/paired/DeciderMutants/Declaration.als; 0; 15; 563; 10; 9553; 93; true;9534; 60; false
../platinum-experiment-data/paired/EcommerceMutants/0.als; ../platinum-experiment-data/paired/EcommerceMutants/1.als; 0; 20; 2664; 35; 9418; 350; true;9605; 333; true
../platinum-experiment-data/paired/EcommerceMutants/1.als; ../platinum-experiment-data/paired/EcommerceMutants/10.als; 2664; 23; 2946; 26; 8531; 336; true;8480; 325; true
../platinum-experiment-data/paired/EcommerceMutants/10.als; ../platinum-experiment-data/paired/EcommerceMutants/11.als; 2946; 27; 0; 21; 8119; 299; true;8119; 299; true
../platinum-experiment-data/paired/EcommerceMutants/11.als; ../platinum-experiment-data/paired/EcommerceMutants/12.als; 0; 19; 2916; 26; 8565; 291; true;8565; 300; true
../platinum-experiment-data/paired/EcommerceMutants/12.als; ../platinum-experiment-data/paired/EcommerceMutants/13.als; 2916; 25; 2947; 24; 7815; 301; true;7815; 329; true
../platinum-experiment-data/paired/EcommerceMutants/13.als; ../platinum-experiment-data/paired/EcommerceMutants/14.als; 2947; 28; 0; 21; 8750; 322; true;8750; 339; true
../platinum-experiment-data/paired/EcommerceMutants/19.als; ../platinum-experiment-data/paired/EcommerceMutants/2.als; 0; 21; 2689; 26; 8704; 332; true;8722; 316; true
../platinum-experiment-data/paired/EcommerceMutants/2.als; ../platinum-experiment-data/paired/EcommerceMutants/20.als; 2689; 23; 0; 18; 8998; 317; true;9071; 328; true
../platinum-experiment-data/paired/EcommerceMutants/21.als; ../platinum-experiment-data/paired/EcommerceMutants/22.als; 0; 17; 2836; 25; 0; 221; false;9773; 325; true
../platinum-experiment-data/paired/EcommerceMutants/22.als; ../platinum-experiment-data/paired/EcommerceMutants/23.als; 2836; 24; 0; 20; 8090; 311; true;0; 213; false
../platinum-experiment-data/paired/EcommerceMutants/25.als; ../platinum-experiment-data/paired/EcommerceMutants/26.als; 0; 19; 2947; 26; 10994; 358; true;10994; 342; true
../platinum-experiment-data/paired/EcommerceMutants/26.als; ../platinum-experiment-data/paired/EcommerceMutants/27.als; 2947; 25; 0; 19; 8619; 301; true;8619; 303; true
../platinum-experiment-data/paired/EcommerceMutants/27.als; ../platinum-experiment-data/paired/EcommerceMutants/28.als; 0; 16; 2778; 23; 9902; 290; false;9891; 307; true
../platinum-experiment-data/paired/EcommerceMutants/28.als; ../platinum-experiment-data/paired/EcommerceMutants/29.als; 2778; 22; 2692; 23; 10815; 321; true;0; 234; false
../platinum-experiment-data/paired/EcommerceMutants/29.als; ../platinum-experiment-data/paired/EcommerceMutants/3.als; 2692; 24; 2858; 26; 10900; 362; true;10898; 382; true
../platinum-experiment-data/paired/EcommerceMutants/3.als; ../platinum-experiment-data/paired/EcommerceMutants/4.als; 2858; 26; 2840; 27; 9438; 338; true;9440; 341; true
../platinum-experiment-data/paired/EcommerceMutants/4.als; ../platinum-experiment-data/paired/EcommerceMutants/5.als; 2840; 25; 0; 20; 11305; 366; true;11306; 364; true
../platinum-experiment-data/paired/EcommerceMutants/7.als; ../platinum-experiment-data/paired/EcommerceMutants/8.als; 0; 16; 2917; 24; 9023; 309; true;0; 218; false
../platinum-experiment-data/paired/EcommerceMutants/8.als; ../platinum-experiment-data/paired/EcommerceMutants/9.als; 2917; 24; 0; 17; 7796; 290; false;7797; 298; true
../platinum-experiment-data/paired/EcommerceMutants/9.als; ../platinum-experiment-data/paired/EcommerceMutants/Declaration.als; 0; 17; 563; 9; 16406; 214; true;16377; 197; true
../platinum-experiment-data/paired/EcommerceMutants/Declaration.als; ../platinum-experiment-data/paired/EcommerceMutants/Ecommerce.als; 563; 9; 2949; 26; 16057; 193; true;16086; 219; true
../platinum-experiment-data/paired/WordpressMutants/9.als; ../platinum-experiment-data/paired/WordpressMutants/Declaration.als; 0; 17; 563; 10; 11928; 116; true;11905; 93; false
../platinum-experiment-data/paired/WordpressMutants/Declaration.als; ../platinum-experiment-data/paired/WordpressMutants/Wordpress.als; 563; 10; 0; 19; 11905; 93; false;11928; 115; true
../platinum-experiment-data/scope/CSOSScope/CSOS56.als; ../platinum-experiment-data/scope/CSOSScope/Declaration.als; 0; 20; 563; 8; 18173; 313; true;18144; 287; false
../platinum-experiment-data/scope/DeciderScope/Decider55.als; ../platinum-experiment-data/scope/DeciderScope/Declaration.als; 0; 16; 563; 8; 9553; 78; true;9534; 62; false
../platinum-experiment-data/scope/EcommerceScope/Declaration.als; ../platinum-experiment-data/scope/EcommerceScope/Ecommerce50.als; 563; 10; 2949; 26; 16057; 209; true;16086; 213; true
../platinum-experiment-data/scope/EcommerceScope/Ecommerce50.als; ../platinum-experiment-data/scope/EcommerceScope/Ecommerce51.als; 2949; 27; 2949; 26; 7346; 309; false;7346; 298; false
../platinum-experiment-data/scope/EcommerceScope/Ecommerce51.als; ../platinum-experiment-data/scope/EcommerceScope/Ecommerce52.als; 2949; 23; 2949; 24; 7346; 274; false;7346; 285; false
../platinum-experiment-data/scope/EcommerceScope/Ecommerce52.als; ../platinum-experiment-data/scope/EcommerceScope/Ecommerce53.als; 2949; 23; 2949; 25; 7346; 338; false;7346; 335; false
../platinum-experiment-data/scope/EcommerceScope/Ecommerce53.als; ../platinum-experiment-data/scope/EcommerceScope/Ecommerce54.als; 2949; 40; 2949; 47; 7346; 355; false;7346; 302; false
../platinum-experiment-data/scope/EcommerceScope/Ecommerce54.als; ../platinum-experiment-data/scope/EcommerceScope/Ecommerce55.als; 2949; 28; 2949; 27; 7346; 291; false;7346; 287; false
../platinum-experiment-data/scope/WordpressScope/Declaration.als; ../platinum-experiment-data/scope/WordpressScope/Wordpress32.als; 563; 12; 0; 18; 11905; 89; false;11928; 109; true
